{"updateInterval":250,"extendedStatusInterval":10,"maxRetries":1,"haltedReconnectDelay":10000,"updateReconnectDelay":20000,"dwsReconnectDelay":45000,"dwcReconnectDelay":225000,"showConnect":false,"confirmStop":false,"useKiB":true,"theme":"Slate","scrollContent":true,"showFanControl":true,"showFanRPM":false,"settingsOnDuet":true,"language":"en","moveFeedrate":6000,"axisMoveSteps":[[100,50,10,1,0.1],[100,50,10,1,0.1],[50,25,5,0.5,0.05],[100,50,10,1,0.1],[100,50,10,1,0.1],[100,50,10,1,0.1],[100,50,10,1,0.1],[100,50,10,1,0.1],[100,50,10,1,0.1],[100,50,10,1,0.1],[100,50,10,1,0.1],[100,50,10,1,0.1],[100,50,10,1,0.1],[100,50,10,1,0.1],[100,50,10,1,0.1]],"extruderAmounts":[100,50,20,10,5,1],"extruderFeedrates":[60,30,15,5,1],"babysteppingZ":0.02,"showATXControl":false,"uppercaseGCode":true,"doTfree":true,"doTpre":true,"doTpost":true,"useHtmlNotifications":true,"autoCloseUserMessages":false,"autoCloseErrorMessages":true,"showEmptyResponses":false,"showInfoMessages":true,"showWarningMessages":true,"showErrorMessages":true,"notificationTimeout":5000,"maxNotifications":3,"webcamURL":"http://octopi.local/webcam/?action=stream","webcamInterval":5000,"webcamFix":false,"webcamEmbedded":false,"webcamRotation":"180","webcamFlip":"none","defaultActiveTemps":[],"defaultStandbyTemps":[],"defaultBedTemps":[]}